Risk category,Period,Value
Foreign exchange,1993-01-31,15325
Foreign exchange,1993-02-28,15023
Foreign exchange,1993-03-31,18087
Foreign exchange,1993-04-30,15859
Foreign exchange,1993-05-31,16244
Foreign exchange,1993-06-30,22060
Foreign exchange,1993-07-31,16017
Foreign exchange,1993-08-31,18311
Foreign exchange,1993-09-30,20142
Foreign exchange,1993-10-31,17598
Foreign exchange,1993-11-30,17853
Foreign exchange,1993-12-31,16294
Foreign exchange,1994-01-31,16937
Foreign exchange,1994-02-28,18680
Foreign exchange,1994-03-31,20363
Foreign exchange,1994-04-30,16788
Foreign exchange,1994-05-31,16656
Foreign exchange,1994-06-30,21928
Foreign exchange,1994-07-31,21829
Foreign exchange,1994-08-31,20318
Foreign exchange,1994-09-30,20169
Foreign exchange,1994-10-31,19289
Foreign exchange,1994-11-30,18668
Foreign exchange,1994-12-31,16140
Foreign exchange,1995-01-31,19601
Foreign exchange,1995-02-28,18606
Foreign exchange,1995-03-31,24743
Foreign exchange,1995-04-30,15178
Foreign exchange,1995-05-31,18664
Foreign exchange,1995-06-30,20940
Foreign exchange,1995-07-31,13571
Foreign exchange,1995-08-31,19953
Foreign exchange,1995-09-30,21491
Foreign exchange,1995-10-31,17841
Foreign exchange,1995-11-30,18337
Foreign exchange,1995-12-31,15660
Foreign exchange,1996-01-31,19400
Foreign exchange,1996-02-29,15518
Foreign exchange,1996-03-31,16951
Foreign exchange,1996-04-30,17426
Foreign exchange,1996-05-31,16498
Foreign exchange,1996-06-30,18499
Foreign exchange,1996-07-31,15956
Foreign exchange,1996-08-31,14173
Foreign exchange,1996-09-30,16449
Foreign exchange,1996-10-31,13979
Foreign exchange,1996-11-30,14030
Foreign exchange,1996-12-31,15678
Foreign exchange,1997-01-31,15282
Foreign exchange,1997-02-28,13775
Foreign exchange,1997-03-31,15899
Foreign exchange,1997-04-30,13465
Foreign exchange,1997-05-31,15251
Foreign exchange,1997-06-30,14321
Foreign exchange,1997-07-31,13895
Foreign exchange,1997-08-31,14952
Foreign exchange,1997-09-30,16254
Foreign exchange,1997-10-31,15993
Foreign exchange,1997-11-30,11171
Foreign exchange,1997-12-31,14377
Foreign exchange,1998-01-31,12074
Foreign exchange,1998-02-28,10864
Foreign exchange,1998-03-31,13493
Foreign exchange,1998-04-30,10722
Foreign exchange,1998-05-31,11542
Foreign exchange,1998-06-30,16270
Foreign exchange,1998-07-31,9777
Foreign exchange,1998-08-31,12257
Foreign exchange,1998-09-30,15276
Foreign exchange,1998-10-31,11396
Foreign exchange,1998-11-30,10433
Foreign exchange,1998-12-31,10998
Foreign exchange,1999-01-31,10617
Foreign exchange,1999-02-28,10359
Foreign exchange,1999-03-31,14501
Foreign exchange,1999-04-30,10318
Foreign exchange,1999-05-31,12134
Foreign exchange,1999-06-30,14629
Foreign exchange,1999-07-31,12411
Foreign exchange,1999-08-31,11394
Foreign exchange,1999-09-30,16097
Foreign exchange,1999-10-31,11424
Foreign exchange,1999-11-30,10991
Foreign exchange,1999-12-31,12156
Foreign exchange,2000-01-31,12672
Foreign exchange,2000-02-29,12275
Foreign exchange,2000-03-31,14690
Foreign exchange,2000-04-30,11785
Foreign exchange,2000-05-31,11216
Foreign exchange,2000-06-30,13442
Foreign exchange,2000-07-31,10243
Foreign exchange,2000-08-31,11003
Foreign exchange,2000-09-30,14756
Foreign exchange,2000-10-31,10728
Foreign exchange,2000-11-30,11522
Foreign exchange,2000-12-31,14023
Foreign exchange,2001-01-31,12413
Foreign exchange,2001-02-28,13348
Foreign exchange,2001-03-31,16247
Foreign exchange,2001-04-30,11667
Foreign exchange,2001-05-31,11016
Foreign exchange,2001-06-30,14785
Foreign exchange,2001-07-31,12050
Foreign exchange,2001-08-31,12199
Foreign exchange,2001-09-30,16739
Foreign exchange,2001-10-31,21266
Foreign exchange,2001-11-30,11989
Foreign exchange,2001-12-31,15769
Foreign exchange,2002-01-31,11755
Foreign exchange,2002-02-28,12154
Foreign exchange,2002-03-31,15829
Foreign exchange,2002-04-30,12423
Foreign exchange,2002-05-31,14083
Foreign exchange,2002-06-30,19169
Foreign exchange,2002-07-31,13305
Foreign exchange,2002-08-31,11397
Foreign exchange,2002-09-30,16454
Foreign exchange,2002-10-31,11983
Foreign exchange,2002-11-30,11956
Foreign exchange,2002-12-31,15109
Foreign exchange,2003-01-31,14813
Foreign exchange,2003-02-28,16898
Foreign exchange,2003-03-31,21249
Foreign exchange,2003-04-30,17684
Foreign exchange,2003-05-31,19835
Foreign exchange,2003-06-30,23754
Foreign exchange,2003-07-31,18664
Foreign exchange,2003-08-31,17671
Foreign exchange,2003-09-30,23300
Foreign exchange,2003-10-31,18468
Foreign exchange,2003-11-30,21155
Foreign exchange,2003-12-31,24436
Foreign exchange,2004-01-31,27657
Foreign exchange,2004-02-29,27964
Foreign exchange,2004-03-31,32324
Foreign exchange,2004-04-30,25225
Foreign exchange,2004-05-31,27429
Foreign exchange,2004-06-30,31446
Foreign exchange,2004-07-31,27108
Foreign exchange,2004-08-31,26648
Foreign exchange,2004-09-30,34348
Foreign exchange,2004-10-31,34867
Foreign exchange,2004-11-30,37217
Foreign exchange,2004-12-31,47609
Foreign exchange,2005-01-31,46499
Foreign exchange,2005-02-28,45273
Foreign exchange,2005-03-31,51457
Foreign exchange,2005-04-30,48343
Foreign exchange,2005-05-31,47580
Foreign exchange,2005-06-30,59748
Foreign exchange,2005-07-31,48720
Foreign exchange,2005-08-31,45197
Foreign exchange,2005-09-30,60545
Foreign exchange,2005-10-31,49630
Foreign exchange,2005-11-30,55747
Foreign exchange,2005-12-31,63803
Foreign exchange,2006-01-31,58044
Foreign exchange,2006-02-28,58883
Foreign exchange,2006-03-31,69100
Foreign exchange,2006-04-30,68968
Foreign exchange,2006-05-31,80816
Foreign exchange,2006-06-30,72214
Foreign exchange,2006-07-31,58701
Foreign exchange,2006-08-31,62168
Foreign exchange,2006-09-30,81518
Foreign exchange,2006-10-31,66316
Foreign exchange,2006-11-30,80721
Foreign exchange,2006-12-31,94533
Foreign exchange,2007-01-31,78800
Foreign exchange,2007-02-28,86112
Foreign exchange,2007-03-31,104705
Foreign exchange,2007-04-30,77490
Foreign exchange,2007-05-31,86207
Foreign exchange,2007-06-30,110481
Foreign exchange,2007-07-31,104978
Foreign exchange,2007-08-31,109162
Foreign exchange,2007-09-30,107258
Foreign exchange,2007-10-31,100789
Foreign exchange,2007-11-30,113901
Foreign exchange,2007-12-31,95283
Foreign exchange,2008-01-31,107265
Foreign exchange,2008-02-29,105482
Foreign exchange,2008-03-31,142599
Foreign exchange,2008-04-30,120579
Foreign exchange,2008-05-31,121009
Foreign exchange,2008-06-30,137448
Foreign exchange,2008-07-31,115435
Foreign exchange,2008-08-31,124632
Foreign exchange,2008-09-30,154963
Foreign exchange,2008-10-31,101645
Foreign exchange,2008-11-30,85508
Foreign exchange,2008-12-31,74924
Foreign exchange,2009-01-31,78798
Foreign exchange,2009-02-28,89304
Foreign exchange,2009-03-31,90996
Foreign exchange,2009-04-30,79033
Foreign exchange,2009-05-31,97301
Foreign exchange,2009-06-30,112709
Foreign exchange,2009-07-31,104618
Foreign exchange,2009-08-31,107432
Foreign exchange,2009-09-30,124132
Foreign exchange,2009-10-31,129132
Foreign exchange,2009-11-30,132448
Foreign exchange,2009-12-31,125084
Foreign exchange,2010-01-31,140925
Foreign exchange,2010-02-28,160052
Foreign exchange,2010-03-31,155148
Foreign exchange,2010-04-30,144427
Foreign exchange,2010-05-31,205442
Foreign exchange,2010-06-30,153243
Foreign exchange,2010-07-31,136306
Foreign exchange,2010-08-31,134869
Foreign exchange,2010-09-30,152996
Foreign exchange,2010-10-31,159479
Foreign exchange,2010-11-30,166377
Foreign exchange,2010-12-31,137021
Foreign exchange,2011-01-31,156365
Foreign exchange,2011-02-28,152663
Foreign exchange,2011-03-31,161499
Foreign exchange,2011-04-30,144066
Foreign exchange,2011-05-31,172652
Foreign exchange,2011-06-30,170256
Foreign exchange,2011-07-31,159674
Foreign exchange,2011-08-31,174110
Foreign exchange,2011-09-30,187003
Foreign exchange,2011-10-31,154564
Foreign exchange,2011-11-30,137389
Foreign exchange,2011-12-31,121230
Foreign exchange,2012-01-31,124100
Foreign exchange,2012-02-29,136125
Foreign exchange,2012-03-31,150277
Foreign exchange,2012-04-30,123500
Foreign exchange,2012-05-31,148155
Foreign exchange,2012-06-30,162046
Foreign exchange,2012-07-31,128487
Foreign exchange,2012-08-31,115238
Foreign exchange,2012-09-30,149622
Foreign exchange,2012-10-31,113798
Foreign exchange,2012-11-30,125025
Foreign exchange,2012-12-31,137110
Foreign exchange,2013-01-31,142636
Foreign exchange,2013-02-28,165241
Foreign exchange,2013-03-31,171550
Foreign exchange,2013-04-30,144970
Foreign exchange,2013-05-31,156849
Foreign exchange,2013-06-30,192311
Foreign exchange,2013-07-31,123277
Foreign exchange,2013-08-31,122833
Foreign exchange,2013-09-30,124193
Foreign exchange,2013-10-31,103787
Foreign exchange,2013-11-30,112212
Foreign exchange,2013-12-31,120374
Foreign exchange,2014-01-31,124916
Foreign exchange,2014-02-28,120167
Foreign exchange,2014-03-31,137117
Foreign exchange,2014-04-30,99219
Foreign exchange,2014-05-31,96947
Foreign exchange,2014-06-30,121938
Foreign exchange,2014-07-31,92142
Foreign exchange,2014-08-31,112183
Foreign exchange,2014-09-30,167864
Foreign exchange,2014-10-31,152880
Foreign exchange,2014-11-30,134875
Foreign exchange,2014-12-31,142494
Foreign exchange,2015-01-31,132991
Foreign exchange,2015-02-28,107471
Foreign exchange,2015-03-31,154777
Foreign exchange,2015-04-30,121553
Foreign exchange,2015-05-31,121165
Foreign exchange,2015-06-30,136242
Foreign exchange,2015-07-31,102464
Foreign exchange,2015-08-31,130300
Foreign exchange,2015-09-30,130574
Foreign exchange,2015-10-31,108204
Foreign exchange,2015-11-30,96337
Foreign exchange,2015-12-31,124927
Foreign exchange,2016-01-31,117357
Foreign exchange,2016-02-29,128752
Foreign exchange,2016-03-31,131811
Foreign exchange,2016-04-30,115339
Foreign exchange,2016-05-31,100824
Foreign exchange,2016-06-30,141732
Foreign exchange,2016-07-31,99451
Foreign exchange,2016-08-31,93234
Foreign exchange,2016-09-30,130139
Foreign exchange,2016-10-31,108319
Foreign exchange,2016-11-30,133303
Foreign exchange,2016-12-31,123303
Foreign exchange,2017-01-31,116054
Foreign exchange,2017-02-28,106963
Foreign exchange,2017-03-31,135090
Foreign exchange,2017-04-30,120258
Foreign exchange,2017-05-31,119241
Foreign exchange,2017-06-30,138527
Foreign exchange,2017-07-31,123799
Foreign exchange,2017-08-31,124276
Foreign exchange,2017-09-30,168481
Foreign exchange,2017-10-31,134989
Foreign exchange,2017-11-30,133802
Foreign exchange,2017-12-31,133645
Foreign exchange,2018-01-31,154474
Foreign exchange,2018-02-28,159936
Foreign exchange,2018-03-31,164852
Foreign exchange,2018-04-30,134865
Foreign exchange,2018-05-31,167949
Foreign exchange,2018-06-30,180452
Foreign exchange,2018-07-31,128293
Foreign exchange,2018-08-31,150108
Foreign exchange,2018-09-30,251400
Foreign exchange,2018-10-31,151908
Foreign exchange,2018-11-30,141525
Foreign exchange,2018-12-31,153919
Foreign exchange,2019-01-31,129242
Foreign exchange,2019-02-28,127702
Foreign exchange,2019-03-31,167403
Foreign exchange,2019-04-30,126835
Foreign exchange,2019-05-31,137265
Foreign exchange,2019-06-30,164031
Foreign exchange,2019-07-31,116158
Foreign exchange,2019-08-31,151610
Foreign exchange,2019-09-30,157500
Foreign exchange,2019-10-31,131501
Foreign exchange,2019-11-30,122839
Foreign exchange,2019-12-31,150407
Foreign exchange,2020-01-31,123442
Foreign exchange,2020-02-29,159258
Foreign exchange,2020-03-31,209123
Foreign exchange,2020-04-30,94187
Foreign exchange,2020-05-31,104019
Foreign exchange,2020-06-30,166440
Foreign exchange,2020-07-31,121701
Foreign exchange,2020-08-31,142717
Foreign exchange,2020-09-30,167755
Foreign exchange,2020-10-31,139691
Foreign exchange,2020-11-30,136636
Foreign exchange,2020-12-31,169456
Foreign exchange,2021-01-31,152803
Foreign exchange,2021-02-28,160833
Foreign exchange,2021-03-31,178130
Foreign exchange,2021-04-30,142494
Foreign exchange,2021-05-31,138923
Foreign exchange,2021-06-30,171574
Foreign exchange,2021-07-31,144769
Foreign exchange,2021-08-31,136441
Foreign exchange,2021-09-30,171745
Foreign exchange,2021-10-31,148545
Foreign exchange,2021-11-30,148771
Foreign exchange,2021-12-31,154971
Foreign exchange,2022-01-31,143565
Foreign exchange,2022-02-28,163049
Foreign exchange,2022-03-31,190686
Foreign exchange,2022-04-30,154139
Foreign exchange,2022-05-31,158902
Foreign exchange,2022-06-30,184139
Foreign exchange,2022-07-31,158609
Foreign exchange,2022-08-31,158311
Foreign exchange,2022-09-30,222230
Foreign exchange,2022-10-31,184160
Foreign exchange,2022-11-30,175379
Foreign exchange,2022-12-31,175107
Foreign exchange,2023-01-31,149010
Foreign exchange,2023-02-28,114270
Foreign exchange,2023-03-31,196768
Foreign exchange,2023-04-30,142861
Foreign exchange,2023-05-31,151687
Foreign exchange,2023-06-30,171035
Foreign exchange,2023-07-31,157805
Foreign exchange,2023-08-31,152905
Foreign exchange,2023-09-30,190321
Foreign exchange,2023-10-31,165903
Foreign exchange,2023-11-30,159490
Foreign exchange,2023-12-31,182758
Foreign exchange,2024-01-31,158348
Foreign exchange,2024-02-29,147049
Foreign exchange,2024-03-31,180815
Foreign exchange,2024-04-30,162154
Foreign exchange,2024-05-31,142498
Foreign exchange,2024-06-30,192282
Foreign exchange,2024-07-31,157926
Foreign exchange,2024-08-31,182705
Foreign exchange,2024-09-30,190024
Interest rate,1993-01-31,790532
Interest rate,1993-02-28,793985
Interest rate,1993-03-31,906430
Interest rate,1993-04-30,730904
Interest rate,1993-05-31,867620
Interest rate,1993-06-30,937905
Interest rate,1993-07-31,929304
Interest rate,1993-08-31,861757
Interest rate,1993-09-30,970427
Interest rate,1993-10-31,858843
Interest rate,1993-11-30,1037413
Interest rate,1993-12-31,816811
Interest rate,1994-01-31,1134789
Interest rate,1994-02-28,1394641
Interest rate,1994-03-31,1502668
Interest rate,1994-04-30,1368585
Interest rate,1994-05-31,1530755
Interest rate,1994-06-30,1485465
Interest rate,1994-07-31,1135400
Interest rate,1994-08-31,1192501
Interest rate,1994-09-30,1231220
Interest rate,1994-10-31,1228860
Interest rate,1994-11-30,1337601
Interest rate,1994-12-31,1291032
Interest rate,1995-01-31,1466190
Interest rate,1995-02-28,1499098
Interest rate,1995-03-31,1638641
Interest rate,1995-04-30,1112241
Interest rate,1995-05-31,1483493
Interest rate,1995-06-30,1585167
Interest rate,1995-07-31,1022912
Interest rate,1995-08-31,1192495
Interest rate,1995-09-30,1223029
Interest rate,1995-10-31,1101598
Interest rate,1995-11-30,1077242
Interest rate,1995-12-31,913919
Interest rate,1996-01-31,1261360
Interest rate,1996-02-29,1504017
Interest rate,1996-03-31,1350009
Interest rate,1996-04-30,1094966
Interest rate,1996-05-31,1193187
Interest rate,1996-06-30,1224852
Interest rate,1996-07-31,1258470
Interest rate,1996-08-31,1248102
Interest rate,1996-09-30,1301749
Interest rate,1996-10-31,1313682
Interest rate,1996-11-30,1094975
Interest rate,1996-12-31,947698
Interest rate,1997-01-31,1267899
Interest rate,1997-02-28,1155073
Interest rate,1997-03-31,1386196
Interest rate,1997-04-30,1380427
Interest rate,1997-05-31,1414247
Interest rate,1997-06-30,1364589
Interest rate,1997-07-31,1268110
Interest rate,1997-08-31,1350320
Interest rate,1997-09-30,1396718
Interest rate,1997-10-31,1961840
Interest rate,1997-11-30,1159019
Interest rate,1997-12-31,1112386
Interest rate,1998-01-31,1611640
Interest rate,1998-02-28,1304293
Interest rate,1998-03-31,1364509
Interest rate,1998-04-30,1361215
Interest rate,1998-05-31,1231376
Interest rate,1998-06-30,1416194
Interest rate,1998-07-31,990179
Interest rate,1998-08-31,1619672
Interest rate,1998-09-30,1886789
Interest rate,1998-10-31,1627832
Interest rate,1998-11-30,1349088
Interest rate,1998-12-31,1013453
Interest rate,1999-01-31,1256328
Interest rate,1999-02-28,1390683
Interest rate,1999-03-31,1307787
Interest rate,1999-04-30,1110976
Interest rate,1999-05-31,1320431
Interest rate,1999-06-30,1576313
Interest rate,1999-07-31,1226618
Interest rate,1999-08-31,1263906
Interest rate,1999-09-30,1238973
Interest rate,1999-10-31,1170874
Interest rate,1999-11-30,1100178
Interest rate,1999-12-31,804616
Interest rate,2000-01-31,1393827
Interest rate,2000-02-29,1497430
Interest rate,2000-03-31,1368982
Interest rate,2000-04-30,1504711
Interest rate,2000-05-31,1533723
Interest rate,2000-06-30,1463704
Interest rate,2000-07-31,1134444
Interest rate,2000-08-31,1118486
Interest rate,2000-09-30,1376797
Interest rate,2000-10-31,1178553
Interest rate,2000-11-30,1157838
Interest rate,2000-12-31,1447641
Interest rate,2001-01-31,2137982
Interest rate,2001-02-28,1921146
Interest rate,2001-03-31,2027073
Interest rate,2001-04-30,2163826
Interest rate,2001-05-31,1971371
Interest rate,2001-06-30,2036393
Interest rate,2001-07-31,1774660
Interest rate,2001-08-31,1989263
Interest rate,2001-09-30,2912498
Interest rate,2001-10-31,2077999
Interest rate,2001-11-30,3020368
Interest rate,2001-12-31,1930464
Interest rate,2002-01-31,2724762
Interest rate,2002-02-28,2157745
Interest rate,2002-03-31,2380789
Interest rate,2002-04-30,2242151
Interest rate,2002-05-31,2391969
Interest rate,2002-06-30,2566063
Interest rate,2002-07-31,2746809
Interest rate,2002-08-31,2613670
Interest rate,2002-09-30,2720664
Interest rate,2002-10-31,2935826
Interest rate,2002-11-30,2412910
Interest rate,2002-12-31,1761013
Interest rate,2003-01-31,2494272
Interest rate,2003-02-28,2718429
Interest rate,2003-03-31,3523820
Interest rate,2003-04-30,2909403
Interest rate,2003-05-31,3625568
Interest rate,2003-06-30,4257501
Interest rate,2003-07-31,3119466
Interest rate,2003-08-31,3015892
Interest rate,2003-09-30,3235053
Interest rate,2003-10-31,3209586
Interest rate,2003-11-30,2873521
Interest rate,2003-12-31,2567619
Interest rate,2004-01-31,3784935
Interest rate,2004-02-29,3612526
Interest rate,2004-03-31,4277763
Interest rate,2004-04-30,4497550
Interest rate,2004-05-31,4350114
Interest rate,2004-06-30,4561176
Interest rate,2004-07-31,3888957
Interest rate,2004-08-31,3743160
Interest rate,2004-09-30,4689148
Interest rate,2004-10-31,4059710
Interest rate,2004-11-30,4426853
Interest rate,2004-12-31,3259541
Interest rate,2005-01-31,4608827
Interest rate,2005-02-28,4958572
Interest rate,2005-03-31,5286471
Interest rate,2005-04-30,5524315
Interest rate,2005-05-31,4848450
Interest rate,2005-06-30,5543474
Interest rate,2005-07-31,4343197
Interest rate,2005-08-31,4310914
Interest rate,2005-09-30,6229720
Interest rate,2005-10-31,5156795
Interest rate,2005-11-30,5228692
Interest rate,2005-12-31,3915562
Interest rate,2006-01-31,5556847
Interest rate,2006-02-28,5971376
Interest rate,2006-03-31,6549645
Interest rate,2006-04-30,7061407
Interest rate,2006-05-31,6444951
Interest rate,2006-06-30,7335043
Interest rate,2006-07-31,6084545
Interest rate,2006-08-31,6460924
Interest rate,2006-09-30,7161020
Interest rate,2006-10-31,6061152
Interest rate,2006-11-30,6094201
Interest rate,2006-12-31,5991745
Interest rate,2007-01-31,6537669
Interest rate,2007-02-28,7434397
Interest rate,2007-03-31,8357150
Interest rate,2007-04-30,6067478
Interest rate,2007-05-31,7147237
Interest rate,2007-06-30,8751253
Interest rate,2007-07-31,7481472
Interest rate,2007-08-31,11364086
Interest rate,2007-09-30,8890997
Interest rate,2007-10-31,7027596
Interest rate,2007-11-30,8091138
Interest rate,2007-12-31,6375768
Interest rate,2008-01-31,11016042
Interest rate,2008-02-29,9281313
Interest rate,2008-03-31,9540781
Interest rate,2008-04-30,8672124
Interest rate,2008-05-31,7279589
Interest rate,2008-06-30,8711521
Interest rate,2008-07-31,6748902
Interest rate,2008-08-31,5617147
Interest rate,2008-09-30,8845949
Interest rate,2008-10-31,6555944
Interest rate,2008-11-30,4715281
Interest rate,2008-12-31,3806663
Interest rate,2009-01-31,5337031
Interest rate,2009-02-28,4903527
Interest rate,2009-03-31,5439267
Interest rate,2009-04-30,4976980
Interest rate,2009-05-31,5828415
Interest rate,2009-06-30,7087714
Interest rate,2009-07-31,5113898
Interest rate,2009-08-31,5590383
Interest rate,2009-09-30,6334068
Interest rate,2009-10-31,6034881
Interest rate,2009-11-30,6267635
Interest rate,2009-12-31,5575114
Interest rate,2010-01-31,6927278
Interest rate,2010-02-28,7332752
Interest rate,2010-03-31,7478500
Interest rate,2010-04-30,7692673
Interest rate,2010-05-31,9520670
Interest rate,2010-06-30,5591376
Interest rate,2010-07-31,5540188
Interest rate,2010-08-31,5303521
Interest rate,2010-09-30,6325881
Interest rate,2010-10-31,5806197
Interest rate,2010-11-30,7271158
Interest rate,2010-12-31,5692195
Interest rate,2011-01-31,7087943
Interest rate,2011-02-28,8289365
Interest rate,2011-03-31,8357908
Interest rate,2011-04-30,7007841
Interest rate,2011-05-31,7628709
Interest rate,2011-06-30,8182583
Interest rate,2011-07-31,7092691
Interest rate,2011-08-31,8915022
Interest rate,2011-09-30,7203540
Interest rate,2011-10-31,5612269
Interest rate,2011-11-30,6400735
Interest rate,2011-12-31,4323596
Interest rate,2012-01-31,5795786
Interest rate,2012-02-29,5544579
Interest rate,2012-03-31,6410983
Interest rate,2012-04-30,5133517
Interest rate,2012-05-31,5868636
Interest rate,2012-06-30,5703930
Interest rate,2012-07-31,4852267
Interest rate,2012-08-31,4422001
Interest rate,2012-09-30,5603794
Interest rate,2012-10-31,4585672
Interest rate,2012-11-30,4173893
Interest rate,2012-12-31,4362289
Interest rate,2013-01-31,6977579
Interest rate,2013-02-28,6354836
Interest rate,2013-03-31,6322714
Interest rate,2013-04-30,4698003
Interest rate,2013-05-31,6914398
Interest rate,2013-06-30,9517363
Interest rate,2013-07-31,5544420
Interest rate,2013-08-31,5280059
Interest rate,2013-09-30,6691501
Interest rate,2013-10-31,5439196
Interest rate,2013-11-30,5742040
Interest rate,2013-12-31,5584593
Interest rate,2014-01-31,6720857
Interest rate,2014-02-28,5977151
Interest rate,2014-03-31,6974076
Interest rate,2014-04-30,5666782
Interest rate,2014-05-31,6411481
Interest rate,2014-06-30,6853463
Interest rate,2014-07-31,5278905
Interest rate,2014-08-31,5481141
Interest rate,2014-09-30,7285317
Interest rate,2014-10-31,8012189
Interest rate,2014-11-30,4326280
Interest rate,2014-12-31,5842901
Interest rate,2015-01-31,6431352
Interest rate,2015-02-28,6214228
Interest rate,2015-03-31,6039941
Interest rate,2015-04-30,4525050
Interest rate,2015-05-31,5439538
Interest rate,2015-06-30,6318504
Interest rate,2015-07-31,4994708
Interest rate,2015-08-31,5842226
Interest rate,2015-09-30,5786537
Interest rate,2015-10-31,5605186
Interest rate,2015-11-30,5714091
Interest rate,2015-12-31,5823375
Interest rate,2016-01-31,7586831
Interest rate,2016-02-29,7645954
Interest rate,2016-03-31,6221631
Interest rate,2016-04-30,5065685
Interest rate,2016-05-31,5623343
Interest rate,2016-06-30,7183956
Interest rate,2016-07-31,5920561
Interest rate,2016-08-31,5432917
Interest rate,2016-09-30,6262898
Interest rate,2016-10-31,5852716
Interest rate,2016-11-30,8935018
Interest rate,2016-12-31,6692170
Interest rate,2017-01-31,7445236
Interest rate,2017-02-28,8693768
Interest rate,2017-03-31,9944926
Interest rate,2017-04-30,8129366
Interest rate,2017-05-31,7330430
Interest rate,2017-06-30,8252486
Interest rate,2017-07-31,5780692
Interest rate,2017-08-31,5758811
Interest rate,2017-09-30,8162734
Interest rate,2017-10-31,7038292
Interest rate,2017-11-30,6706407
Interest rate,2017-12-31,6082053
Interest rate,2018-01-31,8911389
Interest rate,2018-02-28,12480136
Interest rate,2018-03-31,10537833
Interest rate,2018-04-30,7358749
Interest rate,2018-05-31,9819140
Interest rate,2018-06-30,8642874
Interest rate,2018-07-31,5302244
Interest rate,2018-08-31,6460021
Interest rate,2018-09-30,8011638
Interest rate,2018-10-31,9567742
Interest rate,2018-11-30,8474106
Interest rate,2018-12-31,9731178
Interest rate,2019-01-31,8497706
Interest rate,2019-02-28,7840976
Interest rate,2019-03-31,10189326
Interest rate,2019-04-30,7751738
Interest rate,2019-05-31,10339415
Interest rate,2019-06-30,13539617
Interest rate,2019-07-31,8872655
Interest rate,2019-08-31,10482021
Interest rate,2019-09-30,9603828
Interest rate,2019-10-31,8102342
Interest rate,2019-11-30,6686311
Interest rate,2019-12-31,5899560
Interest rate,2020-01-31,7603496
Interest rate,2020-02-29,12789635
Interest rate,2020-03-31,15731589
Interest rate,2020-04-30,6762867
Interest rate,2020-05-31,5796014
Interest rate,2020-06-30,5146181
Interest rate,2020-07-31,3510543
Interest rate,2020-08-31,4491014
Interest rate,2020-09-30,4699716
Interest rate,2020-10-31,4204077
Interest rate,2020-11-30,5013276
Interest rate,2020-12-31,4465939
Interest rate,2021-01-31,6236980
Interest rate,2021-02-28,9015803
Interest rate,2021-03-31,8015530
Interest rate,2021-04-30,5710312
Interest rate,2021-05-31,6576474
Interest rate,2021-06-30,7691892
Interest rate,2021-07-31,6390302
Interest rate,2021-08-31,5427750
Interest rate,2021-09-30,6699838
Interest rate,2021-10-31,9945767
Interest rate,2021-11-30,8925412
Interest rate,2021-12-31,6146684
Interest rate,2022-01-31,9399249
Interest rate,2022-02-28,12591343
Interest rate,2022-03-31,11712288
Interest rate,2022-04-30,8528512
Interest rate,2022-05-31,8530725
Interest rate,2022-06-30,10619120
Interest rate,2022-07-31,8292404
Interest rate,2022-08-31,8764397
Interest rate,2022-09-30,11364030
Interest rate,2022-10-31,9300495
Interest rate,2022-11-30,9261606
Interest rate,2022-12-31,7770286
Interest rate,2023-01-31,9916427
Interest rate,2023-02-28,13891795
Interest rate,2023-03-31,17420950
Interest rate,2023-04-30,9287477
Interest rate,2023-05-31,11899578
Interest rate,2023-06-30,10956550
Interest rate,2023-07-31,8734203
Interest rate,2023-08-31,9629824
Interest rate,2023-09-30,10168319
Interest rate,2023-10-31,10567495
Interest rate,2023-11-30,12111636
Interest rate,2023-12-31,11296788
Interest rate,2024-01-31,13034436
Interest rate,2024-02-29,13077487
Interest rate,2024-03-31,11698225
Interest rate,2024-04-30,11792255
Interest rate,2024-05-31,10519484
Interest rate,2024-06-30,10687977
Interest rate,2024-07-31,11117175
Interest rate,2024-08-31,14706694
Interest rate,2024-09-30,15420350
short-term,1993-01-31,650056
short-term,1993-02-28,620990
short-term,1993-03-31,702931
short-term,1993-04-30,566393
short-term,1993-05-31,697365
short-term,1993-06-30,752593
short-term,1993-07-31,747461
short-term,1993-08-31,656262
short-term,1993-09-30,757871
short-term,1993-10-31,665058
short-term,1993-11-30,801049
short-term,1993-12-31,639197
short-term,1994-01-31,907392
short-term,1994-02-28,1117243
short-term,1994-03-31,1198822
short-term,1994-04-30,1121053
short-term,1994-05-31,1273344
short-term,1994-06-30,1193244
short-term,1994-07-31,929439
short-term,1994-08-31,956145
short-term,1994-09-30,1002070
short-term,1994-10-31,1018498
short-term,1994-11-30,1105916
short-term,1994-12-31,1122930
short-term,1995-01-31,1256359
short-term,1995-02-28,1254868
short-term,1995-03-31,1352081
short-term,1995-04-30,912388
short-term,1995-05-31,1214992
short-term,1995-06-30,1298792
short-term,1995-07-31,822183
short-term,1995-08-31,958166
short-term,1995-09-30,970225
short-term,1995-10-31,883033
short-term,1995-11-30,846854
short-term,1995-12-31,732868
short-term,1996-01-31,1013273
short-term,1996-02-29,1199298
short-term,1996-03-31,1102818
short-term,1996-04-30,891066
short-term,1996-05-31,952969
short-term,1996-06-30,1012733
short-term,1996-07-31,1045411
short-term,1996-08-31,1009698
short-term,1996-09-30,1051267
short-term,1996-10-31,1046090
short-term,1996-11-30,842941
short-term,1996-12-31,735333
short-term,1997-01-31,1022756
short-term,1997-02-28,909970
short-term,1997-03-31,1126501
short-term,1997-04-30,1141559
short-term,1997-05-31,1146209
short-term,1997-06-30,1112990
short-term,1997-07-31,1041420
short-term,1997-08-31,1095510
short-term,1997-09-30,1133773
short-term,1997-10-31,1614891
short-term,1997-11-30,940429
short-term,1997-12-31,905915
short-term,1998-01-31,1339765
short-term,1998-02-28,1040287
short-term,1998-03-31,1102185
short-term,1998-04-30,1126216
short-term,1998-05-31,992299
short-term,1998-06-30,1145796
short-term,1998-07-31,781389
short-term,1998-08-31,1311460
short-term,1998-09-30,1579232
short-term,1998-10-31,1340678
short-term,1998-11-30,1123034
short-term,1998-12-31,830965
short-term,1999-01-31,1035058
short-term,1999-02-28,1108582
short-term,1999-03-31,1060733
short-term,1999-04-30,901582
short-term,1999-05-31,1045097
short-term,1999-06-30,1279502
short-term,1999-07-31,985198
short-term,1999-08-31,1025617
short-term,1999-09-30,1020188
short-term,1999-10-31,944115
short-term,1999-11-30,873014
short-term,1999-12-31,649677
short-term,2000-01-31,1115001
short-term,2000-02-29,1178073
short-term,2000-03-31,1113368
short-term,2000-04-30,1246005
short-term,2000-05-31,1251676
short-term,2000-06-30,1216072
short-term,2000-07-31,946832
short-term,2000-08-31,911740
short-term,2000-09-30,1135576
short-term,2000-10-31,985031
short-term,2000-11-30,938701
short-term,2000-12-31,1227605
short-term,2001-01-31,1852882
short-term,2001-02-28,1629241
short-term,2001-03-31,1742744
short-term,2001-04-30,1879834
short-term,2001-05-31,1696531
short-term,2001-06-30,1792990
short-term,2001-07-31,1559532
short-term,2001-08-31,1751455
short-term,2001-09-30,2615365
short-term,2001-10-31,1834296
short-term,2001-11-30,2666436
short-term,2001-12-31,1679871
short-term,2002-01-31,2443077
short-term,2002-02-28,1870269
short-term,2002-03-31,2079819
short-term,2002-04-30,1992485
short-term,2002-05-31,2100451
short-term,2002-06-30,2248576
short-term,2002-07-31,2419751
short-term,2002-08-31,2252188
short-term,2002-09-30,2334906
short-term,2002-10-31,2553901
short-term,2002-11-30,2086779
short-term,2002-12-31,1495857
short-term,2003-01-31,2117571
short-term,2003-02-28,2308999
short-term,2003-03-31,3039163
short-term,2003-04-30,2518743
short-term,2003-05-31,3172864
short-term,2003-06-30,3730544
short-term,2003-07-31,2647757
short-term,2003-08-31,2598879
short-term,2003-09-30,2747619
short-term,2003-10-31,2750229
short-term,2003-11-30,2433175
short-term,2003-12-31,2191484
short-term,2004-01-31,3288528
short-term,2004-02-29,3099165
short-term,2004-03-31,3707693
short-term,2004-04-30,3979185
short-term,2004-05-31,3809396
short-term,2004-06-30,3996633
short-term,2004-07-31,3465534
short-term,2004-08-31,3267516
short-term,2004-09-30,4077365
short-term,2004-10-31,3537693
short-term,2004-11-30,3812948
short-term,2004-12-31,2726019
short-term,2005-01-31,4022841
short-term,2005-02-28,4228025
short-term,2005-03-31,4526930
short-term,2005-04-30,4926700
short-term,2005-05-31,4240735
short-term,2005-06-30,4824199
short-term,2005-07-31,3850381
short-term,2005-08-31,3788735
short-term,2005-09-30,5580630
short-term,2005-10-31,4570995
short-term,2005-11-30,4553552
short-term,2005-12-31,3433274
short-term,2006-01-31,4940503
short-term,2006-02-28,5258376
short-term,2006-03-31,5762085
short-term,2006-04-30,6333509
short-term,2006-05-31,5625381
short-term,2006-06-30,6606719
short-term,2006-07-31,5495299
short-term,2006-08-31,5818991
short-term,2006-09-30,6372148
short-term,2006-10-31,5426222
short-term,2006-11-30,5328511
short-term,2006-12-31,5331786
short-term,2007-01-31,5827032
short-term,2007-02-28,6525791
short-term,2007-03-31,7438367
short-term,2007-04-30,5411154
short-term,2007-05-31,6307485
short-term,2007-06-30,7621721
short-term,2007-07-31,6570319
short-term,2007-08-31,10381323
short-term,2007-09-30,8021179
short-term,2007-10-31,6274147
short-term,2007-11-30,7091441
short-term,2007-12-31,5611568
short-term,2008-01-31,10048562
short-term,2008-02-29,8160875
short-term,2008-03-31,8480595
short-term,2008-04-30,7951722
short-term,2008-05-31,6436767
short-term,2008-06-30,7783192
short-term,2008-07-31,6015279
short-term,2008-08-31,4941499
short-term,2008-09-30,7881004
short-term,2008-10-31,5964044
short-term,2008-11-30,4231045
short-term,2008-12-31,3422178
short-term,2009-01-31,4935709
short-term,2009-02-28,4385824
short-term,2009-03-31,4919875
short-term,2009-04-30,4539774
short-term,2009-05-31,5272377
short-term,2009-06-30,6511122
short-term,2009-07-31,4643309
short-term,2009-08-31,5030726
short-term,2009-09-30,5720283
short-term,2009-10-31,5424544
short-term,2009-11-30,5620865
short-term,2009-12-31,5012747
short-term,2010-01-31,6340929
short-term,2010-02-28,6552868
short-term,2010-03-31,6790057
short-term,2010-04-30,7041604
short-term,2010-05-31,8646996
short-term,2010-06-30,4931316
short-term,2010-07-31,4998838
short-term,2010-08-31,4627537
short-term,2010-09-30,5550958
short-term,2010-10-31,5150503
short-term,2010-11-30,6432190
short-term,2010-12-31,5090898
short-term,2011-01-31,6405048
short-term,2011-02-28,7410521
short-term,2011-03-31,7481756
short-term,2011-04-30,6328983
short-term,2011-05-31,6642376
short-term,2011-06-30,7201846
short-term,2011-07-31,6287557
short-term,2011-08-31,8002959
short-term,2011-09-30,6392504
short-term,2011-10-31,4940312
short-term,2011-11-30,5654366
short-term,2011-12-31,3826654
short-term,2012-01-31,5275016
short-term,2012-02-29,4846077
short-term,2012-03-31,5646407
short-term,2012-04-30,4535534
short-term,2012-05-31,5123545
short-term,2012-06-30,4952829
short-term,2012-07-31,4327646
short-term,2012-08-31,3771893
short-term,2012-09-30,4882167
short-term,2012-10-31,4016985
short-term,2012-11-30,3511963
short-term,2012-12-31,3738350
short-term,2013-01-31,6203929
short-term,2013-02-28,5420276
short-term,2013-03-31,5521856
short-term,2013-04-30,4062267
short-term,2013-05-31,5941926
short-term,2013-06-30,8528792
short-term,2013-07-31,4977246
short-term,2013-08-31,4575437
short-term,2013-09-30,5951088
short-term,2013-10-31,4855691
short-term,2013-11-30,5021574
short-term,2013-12-31,4930915
short-term,2014-01-31,6071043
short-term,2014-02-28,5152528
short-term,2014-03-31,6169945
short-term,2014-04-30,5013266
short-term,2014-05-31,5630488
short-term,2014-06-30,6108146
short-term,2014-07-31,4733624
short-term,2014-08-31,4695957
short-term,2014-09-30,6466342
short-term,2014-10-31,7208902
short-term,2014-11-30,3618924
short-term,2014-12-31,5160207
short-term,2015-01-31,5751817
short-term,2015-02-28,5394828
short-term,2015-03-31,5336982
short-term,2015-04-30,3993814
short-term,2015-05-31,4522396
short-term,2015-06-30,5477337
short-term,2015-07-31,4431295
short-term,2015-08-31,5095636
short-term,2015-09-30,5126184
short-term,2015-10-31,5053450
short-term,2015-11-30,4996641
short-term,2015-12-31,5203906
short-term,2016-01-31,6966444
short-term,2016-02-29,6772814
short-term,2016-03-31,5512693
short-term,2016-04-30,4516170
short-term,2016-05-31,4909173
short-term,2016-06-30,6389352
short-term,2016-07-31,5372948
short-term,2016-08-31,4769163
short-term,2016-09-30,5539010
short-term,2016-10-31,5237204
short-term,2016-11-30,7921898
short-term,2016-12-31,5980872
short-term,2017-01-31,6751182
short-term,2017-02-28,7731041
short-term,2017-03-31,9056724
short-term,2017-04-30,7411567
short-term,2017-05-31,6469630
short-term,2017-06-30,7429509
short-term,2017-07-31,5142615
short-term,2017-08-31,4946084
short-term,2017-09-30,7312680
short-term,2017-10-31,6309300
short-term,2017-11-30,5763168
short-term,2017-12-31,5319969
short-term,2018-01-31,8082563
short-term,2018-02-28,11159885
short-term,2018-03-31,9523204
short-term,2018-04-30,6621203
short-term,2018-05-31,8588410
short-term,2018-06-30,7659793
short-term,2018-07-31,4704504
short-term,2018-08-31,5473719
short-term,2018-09-30,7090776
short-term,2018-10-31,8547302
short-term,2018-11-30,7277831
short-term,2018-12-31,8753237
short-term,2019-01-31,7721458
short-term,2019-02-28,6727875
short-term,2019-03-31,9139748
short-term,2019-04-30,6997392
short-term,2019-05-31,9094218
short-term,2019-06-30,12497035
short-term,2019-07-31,8091610
short-term,2019-08-31,9172552
short-term,2019-09-30,8573391
short-term,2019-10-31,7270280
short-term,2019-11-30,5566413
short-term,2019-12-31,5053345
short-term,2020-01-31,6765319
short-term,2020-02-29,11271999
short-term,2020-03-31,14416612
short-term,2020-04-30,6170463
short-term,2020-05-31,4888239
short-term,2020-06-30,4398849
short-term,2020-07-31,2999666
short-term,2020-08-31,3578173
short-term,2020-09-30,3966233
short-term,2020-10-31,3514489
short-term,2020-11-30,4074862
short-term,2020-12-31,3735236
short-term,2021-01-31,5364216
short-term,2021-02-28,7592213
short-term,2021-03-31,6905951
short-term,2021-04-30,4928777
short-term,2021-05-31,5414995
short-term,2021-06-30,6737858
short-term,2021-07-31,5617891
short-term,2021-08-31,4435595
short-term,2021-09-30,5724156
short-term,2021-10-31,8964453
short-term,2021-11-30,7694079
short-term,2021-12-31,5360032
short-term,2022-01-31,8459700
short-term,2022-02-28,11127889
short-term,2022-03-31,10519067
short-term,2022-04-30,7539092
short-term,2022-05-31,7308769
short-term,2022-06-30,9513259
short-term,2022-07-31,7445828
short-term,2022-08-31,7705485
short-term,2022-09-30,10248464
short-term,2022-10-31,8377268
short-term,2022-11-30,8162345
short-term,2022-12-31,6923865
short-term,2023-01-31,9055855
short-term,2023-02-28,12483877
short-term,2023-03-31,16010674
short-term,2023-04-30,8445019
short-term,2023-05-31,10603788
short-term,2023-06-30,9917405
short-term,2023-07-31,7833420
short-term,2023-08-31,8297995
short-term,2023-09-30,9077323
short-term,2023-10-31,9374362
short-term,2023-11-30,10436126
short-term,2023-12-31,10171450
short-term,2024-01-31,11908939
short-term,2024-02-29,11387655
short-term,2024-03-31,10354661
short-term,2024-04-30,10443850
short-term,2024-05-31,8916096
short-term,2024-06-30,9302127
short-term,2024-07-31,9984917
short-term,2024-08-31,12887990
short-term,2024-09-30,13998280
long-term,1993-01-31,140475
long-term,1993-02-28,172995
long-term,1993-03-31,203499
long-term,1993-04-30,164511
long-term,1993-05-31,170255
long-term,1993-06-30,185313
long-term,1993-07-31,181843
long-term,1993-08-31,205495
long-term,1993-09-30,212556
long-term,1993-10-31,193786
long-term,1993-11-30,236365
long-term,1993-12-31,177614
long-term,1994-01-31,227398
long-term,1994-02-28,277398
long-term,1994-03-31,303847
long-term,1994-04-30,247532
long-term,1994-05-31,257411
long-term,1994-06-30,292221
long-term,1994-07-31,205961
long-term,1994-08-31,236356
long-term,1994-09-30,229150
long-term,1994-10-31,210362
long-term,1994-11-30,231685
long-term,1994-12-31,168102
long-term,1995-01-31,209831
long-term,1995-02-28,244229
long-term,1995-03-31,286561
long-term,1995-04-30,199853
long-term,1995-05-31,268501
long-term,1995-06-30,286375
long-term,1995-07-31,200729
long-term,1995-08-31,234329
long-term,1995-09-30,252804
long-term,1995-10-31,218565
long-term,1995-11-30,230388
long-term,1995-12-31,181051
long-term,1996-01-31,248087
long-term,1996-02-29,304719
long-term,1996-03-31,247191
long-term,1996-04-30,203900
long-term,1996-05-31,240218
long-term,1996-06-30,212119
long-term,1996-07-31,213059
long-term,1996-08-31,238404
long-term,1996-09-30,250481
long-term,1996-10-31,267592
long-term,1996-11-30,252035
long-term,1996-12-31,212365
long-term,1997-01-31,245143
long-term,1997-02-28,245103
long-term,1997-03-31,259696
long-term,1997-04-30,238868
long-term,1997-05-31,268038
long-term,1997-06-30,251598
long-term,1997-07-31,226690
long-term,1997-08-31,254809
long-term,1997-09-30,262945
long-term,1997-10-31,346948
long-term,1997-11-30,218590
long-term,1997-12-31,206471
long-term,1998-01-31,271875
long-term,1998-02-28,264007
long-term,1998-03-31,262324
long-term,1998-04-30,234998
long-term,1998-05-31,239077
long-term,1998-06-30,270398
long-term,1998-07-31,208791
long-term,1998-08-31,308212
long-term,1998-09-30,307557
long-term,1998-10-31,287154
long-term,1998-11-30,226053
long-term,1998-12-31,182488
long-term,1999-01-31,221271
long-term,1999-02-28,282101
long-term,1999-03-31,247053
long-term,1999-04-30,209394
long-term,1999-05-31,275335
long-term,1999-06-30,296811
long-term,1999-07-31,241420
long-term,1999-08-31,238289
long-term,1999-09-30,218785
long-term,1999-10-31,226760
long-term,1999-11-30,227164
long-term,1999-12-31,154938
long-term,2000-01-31,278826
long-term,2000-02-29,319357
long-term,2000-03-31,255614
long-term,2000-04-30,258706
long-term,2000-05-31,282047
long-term,2000-06-30,247632
long-term,2000-07-31,187612
long-term,2000-08-31,206746
long-term,2000-09-30,241220
long-term,2000-10-31,193522
long-term,2000-11-30,219136
long-term,2000-12-31,220036
long-term,2001-01-31,285100
long-term,2001-02-28,291905
long-term,2001-03-31,284329
long-term,2001-04-30,283992
long-term,2001-05-31,274840
long-term,2001-06-30,243403
long-term,2001-07-31,215128
long-term,2001-08-31,237808
long-term,2001-09-30,297134
long-term,2001-10-31,243703
long-term,2001-11-30,353932
long-term,2001-12-31,250593
long-term,2002-01-31,281685
long-term,2002-02-28,287476
long-term,2002-03-31,300970
long-term,2002-04-30,249666
long-term,2002-05-31,291518
long-term,2002-06-30,317488
long-term,2002-07-31,327058
long-term,2002-08-31,361483
long-term,2002-09-30,385757
long-term,2002-10-31,381925
long-term,2002-11-30,326131
long-term,2002-12-31,265155
long-term,2003-01-31,376701
long-term,2003-02-28,409430
long-term,2003-03-31,484656
long-term,2003-04-30,390660
long-term,2003-05-31,452703
long-term,2003-06-30,526956
long-term,2003-07-31,471708
long-term,2003-08-31,417013
long-term,2003-09-30,487435
long-term,2003-10-31,459356
long-term,2003-11-30,440346
long-term,2003-12-31,376135
long-term,2004-01-31,496407
long-term,2004-02-29,513361
long-term,2004-03-31,570070
long-term,2004-04-30,518365
long-term,2004-05-31,540718
long-term,2004-06-30,564543
long-term,2004-07-31,423423
long-term,2004-08-31,475644
long-term,2004-09-30,611783
long-term,2004-10-31,522017
long-term,2004-11-30,613905
long-term,2004-12-31,533522
long-term,2005-01-31,585987
long-term,2005-02-28,730547
long-term,2005-03-31,759541
long-term,2005-04-30,597615
long-term,2005-05-31,607715
long-term,2005-06-30,719275
long-term,2005-07-31,492816
long-term,2005-08-31,522179
long-term,2005-09-30,649090
long-term,2005-10-31,585800
long-term,2005-11-30,675140
long-term,2005-12-31,482288
long-term,2006-01-31,616343
long-term,2006-02-28,713000
long-term,2006-03-31,787560
long-term,2006-04-30,727899
long-term,2006-05-31,819569
long-term,2006-06-30,728324
long-term,2006-07-31,589246
long-term,2006-08-31,641934
long-term,2006-09-30,788872
long-term,2006-10-31,634929
long-term,2006-11-30,765690
long-term,2006-12-31,659959
long-term,2007-01-31,710636
long-term,2007-02-28,908606
long-term,2007-03-31,918783
long-term,2007-04-30,656324
long-term,2007-05-31,839752
long-term,2007-06-30,1129532
long-term,2007-07-31,911153
long-term,2007-08-31,982763
long-term,2007-09-30,869818
long-term,2007-10-31,753448
long-term,2007-11-30,999696
long-term,2007-12-31,764200
long-term,2008-01-31,967479
long-term,2008-02-29,1120438
long-term,2008-03-31,1060186
long-term,2008-04-30,720402
long-term,2008-05-31,842822
long-term,2008-06-30,928330
long-term,2008-07-31,733623
long-term,2008-08-31,675648
long-term,2008-09-30,964945
long-term,2008-10-31,591900
long-term,2008-11-30,484235
long-term,2008-12-31,384485
long-term,2009-01-31,401322
long-term,2009-02-28,517703
long-term,2009-03-31,519392
long-term,2009-04-30,437206
long-term,2009-05-31,556038
long-term,2009-06-30,576592
long-term,2009-07-31,470589
long-term,2009-08-31,559657
long-term,2009-09-30,613785
long-term,2009-10-31,610338
long-term,2009-11-30,646771
long-term,2009-12-31,562367
long-term,2010-01-31,586349
long-term,2010-02-28,779884
long-term,2010-03-31,688443
long-term,2010-04-30,651069
long-term,2010-05-31,873675
long-term,2010-06-30,660061
long-term,2010-07-31,541350
long-term,2010-08-31,675984
long-term,2010-09-30,774923
long-term,2010-10-31,655694
long-term,2010-11-30,838968
long-term,2010-12-31,601297
long-term,2011-01-31,682896
long-term,2011-02-28,878844
long-term,2011-03-31,876151
long-term,2011-04-30,678858
long-term,2011-05-31,986333
long-term,2011-06-30,980738
long-term,2011-07-31,805134
long-term,2011-08-31,912062
long-term,2011-09-30,811035
long-term,2011-10-31,671957
long-term,2011-11-30,746370
long-term,2011-12-31,496942
long-term,2012-01-31,520769
long-term,2012-02-29,698502
long-term,2012-03-31,764576
long-term,2012-04-30,597983
long-term,2012-05-31,745091
long-term,2012-06-30,751101
long-term,2012-07-31,524621
long-term,2012-08-31,650108
long-term,2012-09-30,721628
long-term,2012-10-31,568687
long-term,2012-11-30,661930
long-term,2012-12-31,623938
long-term,2013-01-31,773650
long-term,2013-02-28,934561
long-term,2013-03-31,800858
long-term,2013-04-30,635736
long-term,2013-05-31,972472
long-term,2013-06-30,988571
long-term,2013-07-31,567174
long-term,2013-08-31,704622
long-term,2013-09-30,740413
long-term,2013-10-31,583505
long-term,2013-11-30,720467
long-term,2013-12-31,653678
long-term,2014-01-31,649814
long-term,2014-02-28,824623
long-term,2014-03-31,804131
long-term,2014-04-30,653516
long-term,2014-05-31,780994
long-term,2014-06-30,745317
long-term,2014-07-31,545281
long-term,2014-08-31,785184
long-term,2014-09-30,818975
long-term,2014-10-31,803287
long-term,2014-11-30,707356
long-term,2014-12-31,682693
long-term,2015-01-31,679535
long-term,2015-02-28,819400
long-term,2015-03-31,702959
long-term,2015-04-30,531236
long-term,2015-05-31,917142
long-term,2015-06-30,841166
long-term,2015-07-31,563413
long-term,2015-08-31,746591
long-term,2015-09-30,660353
long-term,2015-10-31,551736
long-term,2015-11-30,717450
long-term,2015-12-31,619469
long-term,2016-01-31,620387
long-term,2016-02-29,873140
long-term,2016-03-31,708938
long-term,2016-04-30,549515
long-term,2016-05-31,714170
long-term,2016-06-30,794604
long-term,2016-07-31,547613
long-term,2016-08-31,663754
long-term,2016-09-30,723887
long-term,2016-10-31,615512
long-term,2016-11-30,1013120
long-term,2016-12-31,711298
long-term,2017-01-31,694054
long-term,2017-02-28,962727
long-term,2017-03-31,888202
long-term,2017-04-30,717800
long-term,2017-05-31,860800
long-term,2017-06-30,822977
long-term,2017-07-31,638076
long-term,2017-08-31,812728
long-term,2017-09-30,850054
long-term,2017-10-31,728992
long-term,2017-11-30,943239
long-term,2017-12-31,762084
long-term,2018-01-31,828826
long-term,2018-02-28,1320250
long-term,2018-03-31,1014629
long-term,2018-04-30,737546
long-term,2018-05-31,1230731
long-term,2018-06-30,983080
long-term,2018-07-31,597740
long-term,2018-08-31,986302
long-term,2018-09-30,920861
long-term,2018-10-31,1020441
long-term,2018-11-30,1196275
long-term,2018-12-31,977942
long-term,2019-01-31,776249
long-term,2019-02-28,1113101
long-term,2019-03-31,1049578
long-term,2019-04-30,754346
long-term,2019-05-31,1245196
long-term,2019-06-30,1042582
long-term,2019-07-31,781044
long-term,2019-08-31,1309469
long-term,2019-09-30,1030437
long-term,2019-10-31,832062
long-term,2019-11-30,1119898
long-term,2019-12-31,846215
long-term,2020-01-31,838177
long-term,2020-02-29,1517636
long-term,2020-03-31,1314977
long-term,2020-04-30,592404
long-term,2020-05-31,907775
long-term,2020-06-30,747332
long-term,2020-07-31,510877
long-term,2020-08-31,912841
long-term,2020-09-30,733483
long-term,2020-10-31,689588
long-term,2020-11-30,938414
long-term,2020-12-31,730703
long-term,2021-01-31,872764
long-term,2021-02-28,1423591
long-term,2021-03-31,1109579
long-term,2021-04-30,781535
long-term,2021-05-31,1161480
long-term,2021-06-30,954034
long-term,2021-07-31,772411
long-term,2021-08-31,992155
long-term,2021-09-30,975683
long-term,2021-10-31,981314
long-term,2021-11-30,1231333
long-term,2021-12-31,786652
long-term,2022-01-31,939549
long-term,2022-02-28,1463453
long-term,2022-03-31,1193220
long-term,2022-04-30,989420
long-term,2022-05-31,1221956
long-term,2022-06-30,1105862
long-term,2022-07-31,846576
long-term,2022-08-31,1058912
long-term,2022-09-30,1115566
long-term,2022-10-31,923227
long-term,2022-11-30,1099261
long-term,2022-12-31,846421
long-term,2023-01-31,860573
long-term,2023-02-28,1407919
long-term,2023-03-31,1410277
long-term,2023-04-30,842458
long-term,2023-05-31,1295790
long-term,2023-06-30,1039145
long-term,2023-07-31,900783
long-term,2023-08-31,1331829
long-term,2023-09-30,1090996
long-term,2023-10-31,1193134
long-term,2023-11-30,1675511
long-term,2023-12-31,1125338
long-term,2024-01-31,1125497
long-term,2024-02-29,1689832
long-term,2024-03-31,1343564
long-term,2024-04-30,1348404
long-term,2024-05-31,1603388
long-term,2024-06-30,1385850
long-term,2024-07-31,1132258
long-term,2024-08-31,1818704
long-term,2024-09-30,1422070